{
  "project_info": {
    "project_number": "783283769407",
    "firebase_url": "https://chatlogin-323c4.firebaseio.com",
    "project_id": "chatlogin-323c4",
    "storage_bucket": "chatlogin-323c4.appspot.com"
  },
  "client": [
    {
      "client_info": {
        "mobilesdk_app_id": "1:783283769407:android:65e0dfc6af7ff973",
        "android_client_info": {
          "package_name": "info.chatogin.firebase"
        }
      },
      "oauth_client": [
        {
          "client_id": "783283769407-jhip1miam3sbrhu391to8ttf916vg91g.apps.googleusercontent.com",
          "client_type": 3
        }
      ],
      "api_key": [
        {
          "current_key": "AIzaSyBdgKGrsVE-Hoy4eMFTAPenJMeCst5AHBk"
        }
      ],
      "services": {
        "analytics_service": {
          "status": 1
        },
        "appinvite_service": {
          "status": 1,
          "other_platform_oauth_client": []
        },
        "ads_service": {
          "status": 2
        }
      }
    }
  ],
  "configuration_version": "1"
}